회사명 : (주)청명기연환경 / 2025/01/01  ~ 2025/11/07  / AS수리현황,,,,,,,,
일자-No.,제목,거래처명,수리유형명,담당자명,품목명,단가,수리내역,일련번호
25/01/08-4,켐익 일반수리,켐익,일반수리,신수용,COS-100,"50,000",기본점검검,KM008W18CO76
25/01/08-4,켐익 일반수리,켐익,일반수리,신수용,COS-100,,내부 배관 교체,KM008W18CO76
25/01/08-4,켐익 일반수리,켐익,일반수리,신수용,COS-100,"50,000",내부 펌프 흡인후 커넥터 파손교체,KM008W18CO76
25/01/08-5,켐익 일반수리,켐익,일반수리,신수용,COS-100,,내부배관 교체,KM014W16CO22
25/01/08-5,켐익 일반수리,켐익,일반수리,신수용,COS-100,"50,000",기본점검,KM014W16CO22
25/01/17-2,켐익 정도검사,켐익,정도검사,김현식,(PM-10) KMS-4200,"50,000",정도검사,18P354
25/01/17-2,켐익 정도검사,켐익,정도검사,김현식,(PM-10) KMS-4200,"370,000",유량미달 펌프교체,18P354
25/01/17-2,켐익 정도검사,켐익,정도검사,김현식,(PM-10) KMS-4200,"350,000",유량센서 교체,18P354
25/01/17-3,켐익 정도검사,켐익,정도검사,김현식,(PM-10) KMS-4200,"50,000",정도검사,18P353
25/01/17-4,켐익 정도검사,켐익,정도검사,김현식,(PM-10) KMS-4200,"50,000",정도검사,18P355
25/01/17-5,켐익 정도검사,켐익,정도검사,김현식,(PM-10) KMS-4200,"50,000",정도검사,18P356
25/01/17-6,켐익 정도검사,켐익,정도검사,김현식,(PM-10) KMS-4200,"50,000",정도검사,18P357
25/01/17-7,켐익 정도검사,켐익,정도검사,김현식,(PM-10) KMS-4200,"50,000",정도검사,18P358
25/01/17-8,켐익 정도검사,켐익,정도검사,김현식,(PM-10) KMS-4200,"50,000",정도검사,18P359
25/01/17-9,켐익 정도검사,켐익,정도검사,김현식,(PM-10) KMS-4200,"50,000",정도검사,18P360
25/01/17-10,켐익 정도검사,켐익,정도검사,김현식,(PM-10) KMS-4200,"50,000",정도검사,18P361
25/01/17-11,켐익 일반수리,켐익,일반수리,김현식,(PM-10) KMS-4200,"370,000",유량미달 펌프교체,19P432
25/01/17-11,켐익 일반수리,켐익,일반수리,김현식,(PM-10) KMS-4200,"350,000",유량센서 교체,19P432
25/01/17-11,켐익 일반수리,켐익,일반수리,김현식,(PM-10) KMS-4200,"50,000",기본점검,19P432
25/01/17-11,켐익 일반수리,켐익,일반수리,김현식,DC,"-300,000",DC,21
25/01/17-12,켐익 일반수리,켐익,일반수리,김현식,"(NOx, SOx) BMW-5000","400,000",B셀 유량계 교체,1317
25/01/17-12,켐익 일반수리,켐익,일반수리,김현식,"(NOx, SOx) BMW-5000","350,000",B셀 펌프 교체,1317
25/01/17-12,켐익 일반수리,켐익,일반수리,김현식,"(NOx, SOx) BMW-5000","70,000",기본점검,1317
25/01/17-13,켐익 일반수리,켐익,일반수리,김현식,"(NOx, SOx) BMW-5000","400,000",B셀 유량계 교체,854
25/01/17-13,켐익 일반수리,켐익,일반수리,김현식,"(NOx, SOx) BMW-5000","350,000",B셀 펌프 교체,854
25/01/17-13,켐익 일반수리,켐익,일반수리,김현식,"(NOx, SOx) BMW-5000","70,000",점검 및 정밀교정,854
25/01/17-14,켐익 일반수리,켐익,일반수리,김현식,"(NOx, SOx) BMW-5000","400,000","A,B셀 유량계 교체",1793
25/01/17-14,켐익 일반수리,켐익,일반수리,김현식,"(NOx, SOx) BMW-5000","350,000","A,B셀 펌프 교체",1793
25/01/17-14,켐익 일반수리,켐익,일반수리,김현식,"(NOx, SOx) BMW-5000","70,000",기본점검,1793
25/01/17-15,켐익 일반수리,켐익,일반수리,김현식,"(NOx, SOx) BMW-5000","400,000","A,B셀 유량계 교체",851
25/01/17-15,켐익 일반수리,켐익,일반수리,김현식,"(NOx, SOx) BMW-5000","350,000","A,B셀 펌프 교체",851
25/01/17-15,켐익 일반수리,켐익,일반수리,김현식,"(NOx, SOx) BMW-5000","70,000",기본점검,851
25/01/17-16,켐익 일반수리,켐익,일반수리,김현식,"(NOx, SOx) BMW-5000","400,000",A셀 유량계 교체,1316
25/01/17-16,켐익 일반수리,켐익,일반수리,김현식,"(NOx, SOx) BMW-5000","350,000",A셀 펌프 교체,1316
25/01/17-16,켐익 일반수리,켐익,일반수리,김현식,"(NOx, SOx) BMW-5000","70,000",기본점검,1316
25/01/17-16,켐익 일반수리,켐익,일반수리,김현식,DC,"-1,300,000",DC,21
25/01/17-17,켐익 일반수리,켐익,일반수리,김현식,(CO) MEZUS-310,"100,000",기본점검,K1614027A
25/01/17-18,APM 정도검사,APM,정도검사,성기성,(O3) Serinus10,,정도검사,17-0133
25/01/17-19,APM 정도검사,APM,정도검사,성기성,(O3) Serinus10,,정도검사,17-0132
25/01/17-20,APM 정도검사,APM,정도검사,성기성,(SO2) Serinus50,,정도검사,17-1906
25/01/17-21,APM 일반수리,APM,일반수리,성기성,(SO2) Serinus50,"2,600,000",Lamp Assembly,17-1912
25/01/17-22,APM 정도검사,APM,정도검사,성기성,(SO2) Serinus50,,정도검사,17-1733
25/01/17-23,APM 일반수리,APM,확인필요,성기성,(CO) Serinus30i,"1,200,000",Power supply,21-0330
25/01/17-23,APM 일반수리,APM,확인필요,성기성,(CO) Serinus30i,"2,450,000",Detctor,21-0330
25/01/17-25,APM 정도검사,APM,정도검사,성기성,(PM-2.5) PMS-204,"100,000",정도검사,1709797
25/01/17-26,APM 정도검사,APM,정도검사,성기성,(PM-2.5) PMS-204,"100,000",정도검사,1709798
25/01/17-26,APM 정도검사,APM,정도검사,성기성,정도검사 대행료,"100,000",정도검사 대행료,21
25/01/17-27,APM 일반수리,APM,일반수리,성기성,(NO2) Serinus40,"510,000",Pressure Gauge,21-0516
25/01/17-28,KNJ 정도검사,KNJ,정도검사,조용재,(O3) 49i,"180,000",정도검사 전 점검,CM20477383
25/01/17-28,KNJ 정도검사,KNJ,정도검사,조용재,(O3) 49i,"350,000",정도검사 대행,CM20477383
25/01/23-2,APM 정도검사 및 수리,APM,정도검사 및 수리,황연걸,(O3) Serinus10i,"150,000",기본점검,20-1571
25/01/23-2,APM 정도검사 및 수리,APM,정도검사 및 수리,황연걸,(CO) Serinus30i,"150,000",기본점검,20-2311
25/01/23-2,APM 정도검사 및 수리,APM,정도검사 및 수리,황연걸,(CO) Serinus30i,"150,000",기본점검,20-1348
25/01/23-2,APM 정도검사 및 수리,APM,정도검사 및 수리,황연걸,(CO) Serinus30i,"150,000",기본점검,20-1509
25/01/23-2,APM 정도검사 및 수리,APM,정도검사 및 수리,황연걸,(CO) Serinus30i,"150,000",기본점검,20-1502
25/01/23-2,APM 정도검사 및 수리,APM,정도검사 및 수리,황연걸,(CO) Serinus30i,"150,000",기본점검,20-1508
25/01/23-2,APM 정도검사 및 수리,APM,정도검사 및 수리,황연걸,(CO) Serinus30i,"150,000",기본점검,20-1503
25/01/23-2,APM 정도검사 및 수리,APM,정도검사 및 수리,황연걸,(O3) Serinus10i,"150,000",기본점검,20-1560
25/01/23-2,APM 정도검사 및 수리,APM,정도검사 및 수리,황연걸,(O3) Serinus10i,"150,000",기본점검,20-1384
25/01/23-2,APM 정도검사 및 수리,APM,정도검사 및 수리,황연걸,(O3) Serinus10i,"150,000",기본점검,20-1382
25/01/23-2,APM 정도검사 및 수리,APM,정도검사 및 수리,황연걸,(O3) Serinus10i,"150,000",기본점검,20-1393
25/01/23-2,APM 정도검사 및 수리,APM,정도검사 및 수리,황연걸,정도검사 대행료,"200,000",정도검사 대행료,21
25/01/23-2,APM 정도검사 및 수리,APM,정도검사 및 수리,황연걸,(O3) Serinus10i,"900,000","DISPLAY,LCD, BLUE AND WHITE",20-1571
25/01/23-2,APM 정도검사 및 수리,APM,정도검사 및 수리,황연걸,(CO) Serinus30i,"2,450,000",DETECTOR SPARE PART SERINUS30,20-1503
25/01/23-2,APM 정도검사 및 수리,APM,정도검사 및 수리,황연걸,자동,"-200,000",DC,21
25/02/03-1,카인 일반수리,카인,일반수리,이형섭,(소음) SC-260,"750,000",SC260 보드수리(데이터전송안됨외),T242073
25/02/03-1,카인 일반수리,카인,일반수리,이형섭,(소음) SC-260,,한국 스페인 항공료,T242073
25/02/10-1,카인 정도검사,카인,정도검사,김용명,(소음) SC-260,,정도검사,T242071
25/02/10-2,카인 정도검사,카인,정도검사,김용명,(진동) TYPE3233,,정도검사,160096
25/02/10-3,태원시바타 확인필요,태원시바타,확인필요,신수용,MP-Σ100,,확인필요,461059
25/02/10-4,켐익 일반수리,켐익,일반수리,신수용,COS-100,"50,000",기본점검,KM008W18CO77
25/02/10-4,켐익 일반수리,켐익,일반수리,신수용,COS-100,,내부 배관 교체,KM008W18CO77
25/02/12-1,태원시바타 확인필요,태원시바타,확인필요,신수용,MP-Σ100,,확인필요,441002
25/02/17-1,APM 일반수리,APM,일반수리,송민욱,(CO) Serinus 30 i,"1,200,000",Power supply,20-2132
25/02/17-2,APM 일반수리,APM,확인필요,송민욱,(NO2) Serinus40,,디스플레이 수리(확인필요),21-0517
25/02/17-3,APM 일반수리,APM,일반수리,송민욱,(CO) Serinus30i,,데이터 저장불량 수리,20-2313
25/02/17-4,APM 정도검사,APM,정도검사,송민욱,(SO2) Serinus50,,정도검사,17-1903
25/02/17-5,APM 정도검사,APM,정도검사,송민욱,(SO2) Serinus50,,정도검사,17-1798
25/02/17-6,APM 일반수리,APM,일반수리,성기성,(O3) Serinus10,"900,000",PCA LAMP driver,17-0126
25/03/04-7,켐익 정도검사,켐익,정도검사,김균학,(CO) MEZUS-310,"100,000",점검 및 수리,K1614025A
25/03/04-8,켐익 정도검사,켐익,정도검사,김균학,(NO2) MEZUS-210,"100,000",점검 및 수리,K1614022
25/03/04-8,켐익 정도검사,켐익,정도검사,김균학,(NO2) MEZUS-210,"350,000",유량센서교체,K1614022
25/03/04-8,켐익 정도검사,켐익,정도검사,김균학,(NO2) MEZUS-210,"40,000",내부먼지필터교체,K1614022
25/03/04-8,켐익 정도검사,켐익,정도검사,김균학,(NO2) MEZUS-210,"50,000",오염피팅교체,K1614022
25/03/04-9,켐익 정도검사,켐익,정도검사,김균학,(NO2) MEZUS-210,"100,000",점검 및 수리,K1614023
25/03/04-9,켐익 정도검사,켐익,정도검사,김균학,(NO2) MEZUS-210,"350,000",유량센서교체,K1614023
25/03/04-9,켐익 정도검사,켐익,정도검사,김균학,(NO2) MEZUS-210,"40,000",내부먼지필터교체,K1614023
25/03/04-10,켐익 정도검사,켐익,정도검사,김균학,(CO) MEZUS-310,"100,000",점검 및 수리,K1614026A
25/03/04-11,켐익 정도검사,켐익,정도검사,김균학,(NO2) MEZUS-210,"100,000",점검 및 수리,K1515023
25/03/04-11,켐익 정도검사,켐익,정도검사,김균학,(NO2) MEZUS-210,"40,000",내부먼지필터교체,K1515023
25/03/04-11,켐익 정도검사,켐익,정도검사,김균학,(NO2) MEZUS-210,"50,000",오염피팅교체,K1515023
25/03/04-12,켐익 정도검사,켐익,정도검사,김균학,(NO2) MEZUS-210,"100,000",점겅 및 수리,K1515022
25/03/04-12,켐익 정도검사,켐익,정도검사,김균학,(NO2) MEZUS-210,"350,000",우랭센서교체,K1515022
25/03/04-12,켐익 정도검사,켐익,정도검사,김균학,(NO2) MEZUS-210,"40,000",내부먼지필터교체,K1515022
25/03/04-13,켐익 정도검사,켐익,정도검사,김균학,(NO2) MEZUS-210,"100,000",점검 및 수리,K1612016
25/03/04-13,켐익 정도검사,켐익,정도검사,김균학,(NO2) MEZUS-210,"40,000",내부먼지필터교체,K1612016
25/03/04-14,켐익 정도검사,켐익,정도검사,김균학,(NO2) MEZUS-210,"100,000",점검 및 수리,K1612017
25/03/04-14,켐익 정도검사,켐익,정도검사,김균학,(NO2) MEZUS-210,"40,000",내부먼지필터교체,K1612017
25/03/04-15,켐익 정도검사,켐익,정도검사,김균학,(PM-10) E-BAM,"250,000",정도검사 점검,R10783
25/03/04-15,켐익 정도검사,켐익,정도검사,김균학,(PM-10) E-BAM,"2,218,000","Pump,bracket",R10783
25/03/04-16,켐익 정도검사,켐익,정도검사,김균학,(PM-2.5) E-BAM,"250,000",정도검사 점검,T25861
25/03/04-16,켐익 정도검사,켐익,정도검사,김균학,(PM-2.5) E-BAM,"185,000","Glass Filter,25M",T25861
25/03/04-17,켐익 정도검사,켐익,정도검사,김균학,(PM-10) KMS-4200,"50,000",정도검사,18P366
25/03/04-18,켐익 정도검사,켐익,정도검사,김균학,(PM-10) KMS-4200,"50,000",정도검사,18P367
25/03/04-19,켐익 정도검사,켐익,정도검사,김균학,(PM-10) KMS-4200,"50,000",정도검사,18P368
25/03/04-19,켐익 정도검사,켐익,정도검사,김균학,(PM-10) KMS-4200,,SD카드교체,18P368
25/03/04-20,켐익 정도검사,켐익,정도검사,김균학,(PM-10) KMS-4200,"50,000",정도검사,18P369
25/03/04-21,켐익 정도검사,켐익,정도검사,김균학,(PM-10) KMS-4200,"50,000",정도검사,18P370
25/03/04-22,켐익 정도검사,켐익,정도검사,김균학,(PM-10) KMS-4200,"50,000",정도검사,18P371
25/03/04-22,켐익 정도검사,켐익,정도검사,김균학,(PM-10) KMS-4200,"150,000",백엽상파손 수분유입 교체,18P371
25/03/04-23,켐익 정도검사,켐익,정도검사,김균학,(PM-10) KMS-4200,"50,000",정도검사,18P372
25/03/04-24,켐익 정도검사,켐익,정도검사,김균학,(PM-10) KMS-4200,"50,000",정도검사,18P373
25/03/04-24,켐익 정도검사,켐익,정도검사,김균학,(PM-10) KMS-4200,"100,000",외장온습도교체,18P373
25/03/04-25,켐익 정도검사,켐익,정도검사,김균학,(PM-10) KMS-4200,"50,000",정도검사,18P374
25/03/04-26,켐익 정도검사,켐익,정도검사,김균학,(PM-10) KMS-4200,"50,000",정도검사,18P375
25/03/04-27,토탈 일반수리,토탈엔지니어링,일반수리,김균학,"(NOx, SOx) BMW-5000",,좌측 유량불량,722
25/03/04-28,토탈 일반수리,토탈엔지니어링,일반수리,김균학,"(NOx, SOx) BMW-5000","440,000",컨트롤보드 교체,857
25/03/04-29,토탈 일반수리,토탈엔지니어링,일반수리,김균학,"(NOx, SOx) BMW-5000",,좌측 유량불량,1790
25/03/04-30,토탈 일반수리,토탈엔지니어링,일반수리,김균학,"(NOx, SOx) BMW-5000",,좌측 유량불량,1798
25/03/04-31,토탈 일반수리,토탈엔지니어링,일반수리,김균학,"(NOx, SOx) BMW-5000",,양측 유량불량,1627
25/03/04-32,APM 정도검사,APM,정도검사,이형섭,(PM-2.5) PMS-204,"100,000",정도검사,1501514
25/03/04-33,APM 정도검사,APM,정도검사,이형섭,(PM-2.5) PMS-204,"100,000",정도검사,1501504
25/03/04-34,APM 정도검사,APM,정도검사,이형섭,(PM-2.5) PMS-204,"100,000",정도검사,1501490
25/03/04-35,APM 정도검사,APM,정도검사,이형섭,(PM-2.5) PMS-204,"100,000",정도검사,1501479
25/03/04-36,APM 일반수리,APM,일반수리,이형섭,이동차량(1017),,pm2.5 펌프수리,
25/03/06-2,태원시바타 정도검사,태원시바타,정도검사,신수용,(VOCs) MP-Σ30,,정도검사,532930
25/03/06-3,태원시바타 정도검사,태원시바타,정도검사,신수용,(VOCs) MP-Σ30,,정도검사,442388
25/03/06-4,태원시바타 정도검사,태원시바타,정도검사,신수용,(VOCs) MP-Σ30KNⅡ,,정도검사,770656
25/03/10-2,태원시바타 정도검사,태원시바타,정도검사,신수용,(VOCs) MP-Σ30KNⅡ,,정도검사,770659
25/03/18-2,토탈 일반수리,토탈엔지니어링,일반수리,성기성,"(NOx, SOx) BMW-5000","440,000",A셀 유량계 교체,1500
25/03/18-2,토탈 일반수리,토탈엔지니어링,일반수리,성기성,"(NOx, SOx) BMW-5000","385,000",A셀 펌프 교체,1500
25/03/18-2,토탈 일반수리,토탈엔지니어링,일반수리,성기성,"(NOx, SOx) BMW-5000","77,000",점검 및 정밀교정,1500
25/03/18-3,토탈 일반수리,토탈엔지니어링,일반수리,성기성,"(NOx, SOx) BMW-5000","77,000",점검 및 정밀교정,1744
25/03/18-4,토탈 일반수리,토탈엔지니어링,일반수리,성기성,"(NOx, SOx) BMW-5000","440,000",A셀 유량계 교체,1847
25/03/18-4,토탈 일반수리,토탈엔지니어링,일반수리,성기성,"(NOx, SOx) BMW-5000","385,000",A셀 펌프 교체,1847
25/03/18-4,토탈 일반수리,토탈엔지니어링,일반수리,성기성,"(NOx, SOx) BMW-5000","440,000",컨트롤보드 교체,1847
25/03/18-4,토탈 일반수리,토탈엔지니어링,일반수리,성기성,"(NOx, SOx) BMW-5000","77,000",점검 및 정밀교정,1847
25/03/18-5,토탈 일반수리,토탈엔지니어링,일반수리,성기성,"(NOx, SOx) BMW-5000","77,000",점검 및 정밀교정,1628
25/03/18-6,토탈 일반수리,토탈엔지니어링,일반수리,성기성,"(NOx, SOx) BMW-5000","77,000",점검 및 정밀교정,717
25/03/18-7,토탈 일반수리,토탈엔지니어링,일반수리,성기성,"(NOx, SOx) BMW-5000","77,000",점검 및 정밀교정,909
25/03/19-1,APM 정도검사,APM,정도검사,백승철,(O3) Serinus10i,"150,000",정도검사,21-1357
25/03/19-2,APM 정도검사,APM,정도검사,백승철,(O3) Serinus10i,"150,000",정도검사,17-0125
25/03/19-3,APM 정도검사,APM,정도검사,백승철,(O3) Serinus10i,"150,000",정도검사,21-0507
25/03/19-4,APM 정도검사,APM,정도검사,백승철,(O3) Serinus10i,"150,000",정도검사,17-0127
25/03/19-5,APM 정도검사,APM,정도검사,백승철,(O3) Serinus10i,"150,000",정도검사,17-0130
25/03/19-6,APM 정도검사,APM,정도검사,백승철,(PM-2.5) PMS-204,"100,000",정도검사,1501505
25/03/19-7,APM 정도검사,APM,정도검사,백승철,(PM-2.5) PMS-204,"100,000",정도검사,1501507
25/03/19-8,APM 정도검사,APM,정도검사,백승철,(PM-2.5) PMS-204,"100,000",정도검사,1501512
25/03/19-9,APM 정도검사,APM,정도검사,백승철,(PM-2.5) PMS-204,"100,000",정도검사,1501489
25/03/19-10,APM 정도검사,APM,정도검사,백승철,(PM-2.5) PMS-204,"100,000",정도검사,1501508
25/03/24-1,카인 확인필요,카인,확인필요,신수용,(VOCs) MP-Σ30KNⅡ,,확인필요,770656
25/03/24-2,카인 확인필요,카인,확인필요,신수용,(VOCs) MP-Σ30KNⅡ,,확인필요,770659
25/03/24-3,카인 확인필요,카인,확인필요,신수용,(VOCs) MP-Σ30,,확인필요,442388
25/03/24-4,카인 확인필요,카인,확인필요,신수용,(VOCs) MP-Σ30,,확인필요,532930
25/03/26-1,APM 일반수리,APM,일반수리,김균학,(NO2) Serinus40,"150,000",점검기술료,21-0518
25/03/26-1,APM 일반수리,APM,일반수리,김균학,(NO2) Serinus40,"900,000","DISPLAY, LCD, BLUE AND WHITE",21-0518
25/03/26-2,APM 일반수리,APM,일반수리,김균학,(CO) Serinus30i,,일반수리,20-2313
25/03/26-3,APM 일반수리,APM,일반수리,김균학,(NO2) Serinus40,"510,000","Pressure Gauge, Serinus PCA",21-0516
25/03/31-1,켐익 정도검사,켐익,정도검사,박혁,(PM-10) KMS-4200,"50,000",점검 및 수리,18P370
25/03/31-2,켐익 정도검사,켐익,정도검사,박혁,(PM-10) KMS-4200,"50,000",점검 및 수리,18P369
25/03/31-3,켐익 정도검사,켐익,정도검사,박혁,(PM-10) KMS-4200,"50,000",점검 및 수리,18P371
25/03/31-3,켐익 정도검사,켐익,정도검사,박혁,(PM-10) KMS-4200,"150,000",백엽상교체,18P371
25/03/31-3,켐익 정도검사,켐익,정도검사,박혁,(PM-10) KMS-4200,"100,000",외장온습도교체,18P371
25/03/31-4,켐익 정도검사,켐익,정도검사,박혁,(PM-10) KMS-4200,"50,000",점검 및 수리,18P372
25/03/31-5,켐익 정도검사,켐익,정도검사,박혁,(PM-10) KMS-4200,"50,000",점검 및 수리,18P374
25/03/31-6,켐익 정도검사,켐익,정도검사,박혁,(PM-10) KMS-4200,"50,000",점검 및 수리`,18P375
25/03/31-7,켐익 정도검사,켐익,정도검사,박혁,(PM-10) KMS-4200,"50,000",점검 및 수리,18P373
25/03/31-8,켐익 정도검사,켐익,정도검사,박혁,(PM-10) KMS-4200,"50,000",점검 및 수리,18P368
25/03/31-8,켐익 정도검사,켐익,정도검사,박혁,(PM-10) KMS-4200,,SD카드 교체,18P368
25/03/31-9,켐익 정도검사,켐익,정도검사,박혁,(PM-10) KMS-4200,"50,000",점검 및 수리,18P366
25/03/31-10,켐익 정도검사,켐익,정도검사,박혁,(PM-10) KMS-4200,"50,000",점검 및 수리,18P367
25/03/31-11,켐익 정도검사,켐익,정도검사,박혁,(PM-10) KMS-4200,"50,000",점검 및 수리,19P425
25/03/31-11,켐익 정도검사,켐익,정도검사,박혁,(PM-10) KMS-4200,,SD카드교체,19P425
25/03/31-12,켐익 정도검사,켐익,정도검사,박혁,(CO) MEZUS-310,,정도검사,K1614027A
25/04/02-1,카인 일반수리,카인,일반수리,신수용,(Pb) T8400ME,,일반수리,TA3696
25/04/02-2,카인 일반수리,카인,일반수리,신수용,(Pb) T8400ME,,일반수리,4211/TA3713
25/04/02-3,카인 일반수리,카인,일반수리,신수용,(Pb) T8400ME,,일반수리,TA3275
25/04/21-1,APM 정도검사,APM,정도검사,백승철,(PM-2.5) PMS-204,,정도검사,1501508
25/04/21-2,APM 정도검사,APM,정도검사,백승철,(PM-2.5) PMS-204,,정도검사,1501489
25/04/21-3,APM 정도검사,APM,정도검사,백승철,(PM-2.5) PMS-204,,정도검사,1501505
25/04/21-4,APM 정도검사,APM,정도검사,백승철,(PM-2.5) PMS-204,,정도검사,1501512
25/04/21-5,APM 정도검사,APM,정도검사,백승철,(PM-2.5) PMS-204,"100,000",점검대행료,1501490
25/04/21-6,APM 정도검사,APM,정도검사,백승철,(PM-2.5) PMS-204,"100,000",점검대행료,1501479
25/04/21-7,APM 정도검사,APM,정도검사,백승철,(PM-2.5) PMS-204,"100,000",점검대행료,1501514
25/04/21-8,APM 정도검사,APM,정도검사,백승철,(PM-2.5) PMS-204,"100,000",점검기술료,1501504
25/04/21-8,APM 정도검사,APM,정도검사,백승철,(PM-2.5) PMS-204,"100,000",점도검사 대행료,1501504
25/04/21-9,APM 정도검사,APM,정도검사,백승철,(PM-2.5) PMS-204,,정도검사,1501507
25/04/21-10,APM 일반수리,APM,일반수리,백승철,(NO2) Serinus40,,일반수리,21-0517
25/04/21-11,APM 정도검사,APM,정도검사,백승철,(O3) Serinus10i,,정도검사,21-1357
25/04/21-12,APM 정도검사,APM,정도검사,백승철,(O3) Serinus10i,,정도검사,17-0127
25/04/21-13,APM 정도검사,APM,정도검사,백승철,(O3) Serinus10i,,정도검사,17-0130
25/04/21-14,APM 정도검사,APM,정도검사,백승철,(O3) Serinus10i,,정도검사,21-0507
25/04/28-1,APM 일반수리,APM,일반수리,전창근,(O3) Serinus10,"150,000",점검기술료,17-0128
25/04/28-1,APM 일반수리,APM,일반수리,전창근,(O3) Serinus10i,"320,000",Scrubber,17-0128
25/04/29-1,카인 정도검사,카인,정도검사,전창근,(소음) SC-260,,정도검사,T242072
25/04/29-2,카인 정도검사,카인,정도검사,전창근,(소음) SC-260,,정도검사,T242109
25/04/29-3,카인 정도검사,카인,정도검사,전창근,(진동) VM-1220E,,정도검사,20E474
25/04/29-4,카인 정도검사,카인,정도검사,전창근,(진동) TYPE3233,,정도검사,190025
25/04/29-5,카인 정도검사,카인,정도검사,전창근,(진동) TYPE3233,,정도검사,190024
25/04/30-1,APM 정도검사,APM,정도검사,김현식,(O3) Serinus10i,"150,000",정도검사,17-0125
25/04/30-2,카인 정도검사,카인,정도검사,전창근,(소음) SC-260,,정도검사,T242072
25/04/30-3,카인 정도검사,카인,정도검사,전창근,(소음) SC-260,,정도검사,T242109
25/04/30-4,카인 정도검사,카인,정도검사,전창근,(진동) VM-1220E,,정도검사,20E474
25/04/30-5,카인 정도검사,카인,정도검사,전창근,(진동) TYPE3233,,정도검사,190024
25/04/30-6,카인 정도검사,카인,정도검사,전창근,(진동) TYPE3233,,정도검사,190025
25/05/08-1,켐익 일반수리,켐익,일반수리,전창근,(PM-10) KMS-4200,,기본점검내역,19P430
25/05/08-1,켐익 일반수리,켐익,일반수리,전창근,(PM-10) KMS-4200,,프로그램 재설치 및 SD카드교체,19P430
25/05/08-1,켐익 일반수리,켐익,일반수리,전창근,(PM-10) KMS-4200,,코인전지 교체,19P430
25/05/08-2,켐익 일반수리,켐익,일반수리,전창근,(PM-10) KMS-4200,,기본점검내역,20P569
25/05/08-2,켐익 일반수리,켐익,일반수리,전창근,(PM-10) KMS-4200,"370,000",유량미달 펌프교체,20P569
25/05/08-2,켐익 일반수리,켐익,일반수리,전창근,(PM-10) KMS-4200,"300,000",유량센서교체,20P569
25/05/22-1,태원시바타 정도검사,태원시바타,정도검사,신수용,(벤젠) MP-Σ30KNⅡ,,정도검사,141411
25/05/22-2,태원시바타 정도검사,태원시바타,정도검사,신수용,(벤젠) MP-Σ30KNⅡ,,,141412
25/05/22-3,표준교정기술원 교정,표준교정기술원,정도검사,신수용,Kestrel5500,"179,520",디지덜 온습도계 교정,2390486
25/05/22-3,표준교정기술원 교정,표준교정기술원,정도검사,신수용,Kestrel5500,"91,850","절대압계 (기압, 디지털) 교정",2390486
25/05/22-4,켐익 일반수리,켐익,일반수리,이형섭,(PM-2.5) KMS-4200,,,20P558
25/05/22-5,켐익 일반수리,켐익,일반수리,이형섭,(PM-10) KMS-4200,,,18P356
25/05/26-1,APM 일반수리,APM,일반수리,신재경,(O3) Serinus10,,,17-0988
25/06/02-1,태원시바타 정도검사,태원시바타,정도검사,신수용,MP-Σ100KNⅡ,,,950575
25/06/05-1,APM 일반수리,APM,일반수리,신재경,(PM-2.5) PMS-204,"100,000","장비 리크, 다운튜브 고무링 손상, 교체 리크 수정",1501518
25/06/05-2,APM 일반수리,APM,일반수리,신재경,(PM-2.5) PMS-204,"100,000","장비 리크, 다운튜브 고무링 손상, 교체 리크 수정 펌프 배출 라인 튜브 손상/이탈 확인, 튜브 교체, 재결속 및 고정 상태 점검 완료",1501519
25/06/05-3,APM 일반수리,APM,일반수리,신재경,(PM-10) PMS-204,"100,000","장비 리크, 다운튜브 고무링 손상, 교체 리크 수정",1904004
25/06/10-1,카인 일반수리,카인,일반수리,박소현,(소음) SC-260,,일반수리,T242109
25/06/10-2,카인 일반수리,카인,일반수리,박소현,(소음) SC-260,,무상점검 (전원 단자 오류 해결),T246352
25/06/19-1,토탈엔지니어링 일반수리,토탈엔지니어링,일반수리,조용재,"(NOx, SOx) BMW-5000",,일반수리,724
25/06/19-2,토탈엔지니어링 일반수리,토탈엔지니어링,일반수리,조용재,"(NOx, SOx) BMW-5000",,일반수리,849
25/06/19-3,토탈엔지니어링 일반수리,토탈엔지니어링,일반수리,조용재,"(NOx, SOx) BMW-5000","440,000",A셀 유량계 교체,1796
25/06/19-3,토탈엔지니어링 일반수리,토탈엔지니어링,일반수리,조용재,"(NOx, SOx) BMW-5000","385,000",A셀 펌프 교체,1796
25/06/19-3,토탈엔지니어링 일반수리,토탈엔지니어링,일반수리,조용재,"(NOx, SOx) BMW-5000","440,000",컨트롤보드 교체,1796
25/06/19-3,토탈엔지니어링 일반수리,토탈엔지니어링,일반수리,조용재,"(NOx, SOx) BMW-5000","77,000",점검 및 정밀교정,1796
25/06/20-1,APM 일반수리,APM,일반수리,조용재,(CO) Serinus30i,"1,200,000",POWER SUPPLY,20-2132
25/06/20-2,APM 일반수리,APM,일반수리,조용재,(CO) Serinus30i,"100,000",점검기술료,20-2305
25/06/20-2,APM 일반수리,APM,일반수리,조용재,(CO) Serinus30i,"900,000","DISPLAY, LCD, 240 X 128 BLUE AND WHITE",20-2305
25/06/20-3,APM 일반수리,APM,일반수리,조용재,(O3) Serinus10i,"100,000",점검기술료,17-0133
25/06/20-3,APM 일반수리,APM,일반수리,조용재,(O3) Serinus10i,"900,000","DISPLAY, LCD, 240 X 128 BLUE AND WHITE",17-0133
25/06/20-4,APM 일반수리,APM,일반수리,조용재,(O3) Serinus10i,,일반수리,21-0321
25/06/20-5,APM 일반수리,APM,일반수리,조용재,(O3) Serinus10i,"150,000",점검기술료,21-0349
25/06/20-6,APM 일반수리,APM,일반수리,조용재,(PM-10) PMS-204,"100,000",점검기술료,1904004
25/06/20-7,APM 일반수리,APM,일반수리,조용재,(PM-2.5) PMS-204,"100,000",점검기술료,1501506
25/06/20-8,APM 일반수리,APM,일반수리,조용재,(PM-2.5) PMS-204,"100,000",점검기술료,1501490
25/06/24-1,KNJ 일반수리,KNJ,일반수리,성기성,(O3) 49iQ,"180,000",점검 및 교정,1192754688
25/07/04-1,태원 정도검사,태원시바타,정도검사,성기성,(벤젠) MP-Σ30KNⅡ,,정도검사,770660
25/07/04-2,태원 정도검사,태원시바타,정도검사,성기성,(VOCs) MP-Σ30KNⅡ,,정도검사,770654
25/07/04-3,태원 정도검사,태원시바타,정도검사,성기성,(VOCs) MP-Σ30KNⅡ,,정도검사,770655
25/07/04-4,태원 정도검사,태원시바타,정도검사,성기성,(VOCs) MP-Σ30KNⅡ,,정도검사,770657
25/07/04-5,태원 정도검사,태원시바타,정도검사,성기성,MP-Σ100KNⅡ,,정도검사,950574
25/07/04-6,태원 정도검사,태원시바타,정도검사,성기성,(벤젠) MP-Σ30KNⅡ,,정도검사,770658
25/07/04-7,APM 일반수리,APM,일반수리,성기성,(O3) Serinus10i,"150,000",점검기술료,17-0126
25/07/04-8,APM 일반수리,APM,일반수리,성기성,(O3) Serinus10i,"150,000",점검기술료,17-0128
25/07/04-9,APM 일반수리,APM,일반수리,성기성,(CO) Serinus30i,"150,000",점검기술료,20-2311
25/07/04-9,APM 일반수리,APM,일반수리,성기성,(NO2) Serinus40,"500,000",PCA CO Detector,21-0518
25/07/07-1,APM 일반수리,APM,일반수리,나훈,(CO) Serinus30i,,REF 수리,20-2311
25/07/07-2,APM 일반수리,APM,일반수리,나훈,(O3) Serinus10i,,Lamp Adjust,17-0126
25/07/07-3,APM 일반수리,APM,일반수리,나훈,(O3) Serinus10i,,Lamp Adjust,17-0128
25/07/07-4,태원 정도검사,태원시바타,정도검사,나훈,(VOCs) MP-Σ30KNⅡ,,정도검사,770654
25/07/07-5,태원 정도검사,태원시바타,정도검사,나훈,(VOCs) MP-Σ30KNⅡ,,정도검사,770657
25/07/07-6,태원 정도검사,태원시바타,정도검사,나훈,(벤젠) MP-Σ30KNⅡ,,정도검사,770660
25/07/07-7,태원 정도검사,태원시바타,정도검사,나훈,(벤젠) MP-Σ30KNⅡ,,정도검사,770658
25/07/07-8,태원 정도검사,태원시바타,정도검사,나훈,MP-Σ100KNⅡ,,정도검사,950574
25/07/07-9,태원 정도검사,태원시바타,정도검사,나훈,(VOCs) MP-Σ30KNⅡ,,정도검사,770655
25/07/15-1,한국환경공단 정도검사,한국환경공단,정도검사,전창근,(소음) SC-260,,정도검사,T242073
25/07/15-1,한국환경공단 정도검사,한국환경공단,정도검사,전창근,(진동) TYPE3233,,정도검사,170066
25/07/15-1,한국환경공단 정도검사,한국환경공단,정도검사,전창근,(진동) VM-1220E,,정도검사,20E546
25/07/15-1,한국환경공단 정도검사,한국환경공단,정도검사,전창근,(진동) TYPE3233,,정도검사,170067
25/07/18-1,켐익 일반수리,켐익,일반수리,권정원,(PM-10) KMS-4200,,유량이상,18P373
25/07/18-1,켐익 일반수리,켐익,일반수리,권정원,(PM-10) KMS-4200,,"SD카드 고장, 손잡이교체",19P424
25/07/18-1,켐익 일반수리,켐익,일반수리,권정원,(PM-10) KMS-4200,,기압센서 이상,19P428
25/07/18-2,토탈 일반수리,토탈엔지니어링,일반수리,권정원,"(NOx, SOx) BMW-5000",,B 유량이상,723
25/07/18-2,토탈 일반수리,토탈엔지니어링,일반수리,권정원,"(NOx, SOx) BMW-5000",,B 유량이상,726
25/07/18-3,APM 일반수리,APM,일반수리,이형섭,(PM-2.5) PMS-204,"100,000",기본점검,1501506
25/07/18-3,APM 일반수리,APM,일반수리,이형섭,(PM-2.5) PMS-204,"100,000",기본점검,1708787
25/07/23-1,켐익 일반수리,켐익,일반수리,신수용,COS-100,,라인청소,KM014W16CO22
25/07/29-1,APM 일반수리,APM,일반수리,김균학,(CO) Serinus30i,,전원이상,20-2131
25/07/29-1,APM 일반수리,APM,일반수리,김균학,(CO) Serinus30i,,수치값 이상,20-1503
25/07/29-1,APM 일반수리,APM,일반수리,김균학,(CO) Serinus30i,,12v 에러,20-2128
25/07/29-2,카인 일반수리,카인,일반수리,김균학,(Pb) T8400ME,,모터소리 이상,TA3696
25/07/29-2,카인 일반수리,카인,일반수리,김균학,(Pb) T8400ME,,작동X,TA3376
25/08/14-1,켐익 장비점검,켐익,정도검사,신수용,COS-100,,장비점검,KM008W18CO77
25/08/29-1,켐익 일반수리,켐익,일반수리,백승철,(PM-10) KMS-4200,"50,000",기본점검,19P433
25/08/29-1,켐익 일반수리,켐익,일반수리,백승철,(PM-10) KMS-4200,"100,000",USB 보드 교체,20P573
25/08/29-1,켐익 일반수리,켐익,일반수리,백승철,(PM-10) KMS-4200,"50,000",전면손잡이 교체,18P370
25/08/29-1,켐익 일반수리,켐익,일반수리,백승철,(CO) MEZUS-310,,signal이상,K1614027A
25/09/03-1,태원시바타 정도검사,태원시바타,정도검사,신수용,MP-Σ100KNⅡ,,정도검사 입고,840487
25/09/03-1,태원시바타 정도검사,태원시바타,정도검사,신수용,(벤젠) MP-Σ30KNⅡ,,정도검사 입고,850746
25/09/12-1,켐익 일반수리,켐익,일반수리,성기성,(PM-10) KMS-4200,,SD카드 폼웨어 오류,19P427
25/09/29-1,켐익 일반수리,켐익,일반수리,신수용,KMF-20,,수리점검,19FN200
25/09/29-1,켐익 일반수리,켐익,일반수리,신수용,KMF-20,,교정,19FN201
25/09/29-2,한국환경공단 정도검사,한국환경공단,정도검사,신수용,(진동) TYPE3233,,정도검사,180053
25/09/29-2,한국환경공단 정도검사,한국환경공단,정도검사,신수용,(진동) VM-1220E,,정도검사,20E333
25/10/15-1,켐익 일반수리,켐익,일반수리,나훈,(PM-10) KMS-4200,,펌웨어 오류,19P427
25/10/15-1,켐익 일반수리,켐익,일반수리,나훈,(PM-10) KMS-4200,,SD카드메모리 오류,19P405
25/10/15-1,켐익 일반수리,켐익,일반수리,나훈,(PM-10) KMS-4200,,시스템 오류,20P573
25/10/15-1,켐익 일반수리,켐익,일반수리,나훈,(PM-10) KMS-4200,,펌프고장,18P360
25/10/15-2,APM 일반수리,APM,일반수리,나훈,(SO2) Serinus50i,,유량이상,17-1903
25/10/15-2,APM 일반수리,APM,일반수리,나훈,(O3) Serinus10i,,안정화 오류,17-0129
25/10/15-2,APM 일반수리,APM,일반수리,나훈,(CO) Serinus30i,,유량이상,21-0330
25/10/15-2,APM 일반수리,APM,일반수리,나훈,(PM-2.5) PMS-204,,유량이상,1501511
25/10/15-2,APM 일반수리,APM,일반수리,나훈,(PM-2.5) PMS-204,,여과지폴더 케이스고장(문 안닫힘),1709797
25/10/15-3,토탈 일반수리,토탈엔지니어링,일반수리,나훈,"(NOx, SOx) BMW-5000",,오른쪽 펌프 작동안됨,726
25/10/15-3,토탈 일반수리,토탈엔지니어링,일반수리,나훈,"(NOx, SOx) BMW-5000",,펌프고장,849
합계,,,,,,"41,908,370",,
2025/11/07  오후 1:04:25,,,,,,,,
